Workbook

Sheet Dashboard
A1: CAR SALES ANALYSIS DASHBOARD
A3: Insights from 157 vehicle models across 30 manufacturers | Source: Car_sales.csv
B5: TOTAL SALES | E5: AVERAGE PRICE | H5: AVERAGE HORSEPOWER | K5: TOTAL MODELS | N5: TOTAL MANUFACTURERS
B6: =Analysis!$R$3 -> 8320.698 | E6: =Analysis!$R$4 -> 27.339707 | H6: =Analysis!$R$5 -> 185.94268 | K6: =Analysis!$R$6 -> 157 | N6: =Analysis!$R$7 -> 30

Sheet Raw_Data
A1: Manufacturer | B1: Model | C1: Sales_in_thousands | D1: __year_resale_value | E1: Vehicle_type | F1: Price_in_thousands | G1: Engine_size | H1: Horsepower | I1: Wheelbase | J1: Width | K1: Length | L1: Curb_weight | M1: Fuel_capacity | N1: Fuel_efficiency | O1: Latest_Launch | P1: Power_perf_factor
A2: Acura | B2: Integra | C2: 16.919 | D2: 16.36 | E2: Passenger | F2: 21.5 | G2: 1.8 | H2: 140 | I2: 101.2 | J2: 67.3 | K2: 172.4 | L2: 2.639 | M2: 13.2 | N2: 28 | O2: 2/2/2012 | P2: 58.28015
A3: Acura | B3: TL | C3: 39.384 | D3: 19.875 | E3: Passenger | F3: 28.4 | G3: 3.2 | H3: 225 | I3: 108.1 | J3: 70.3 | K3: 192.9 | L3: 3.517 | M3: 17.2 | N3: 25 | O3: 6/3/2011 | P3: 91.370778
A4: Acura | B4: CL | C4: 14.114 | D4: 18.225 | E4: Passenger | G4: 3.2 | H4: 225 | I4: 106.9 | J4: 70.6 | K4: 192 | L4: 3.47 | M4: 17.2 | N4: 26 | O4: 1/4/2012
A5: Acura | B5: RL | C5: 8.588 | D5: 29.725 | E5: Passenger | F5: 42 | G5: 3.5 | H5: 210 | I5: 114.6 | J5: 71.4 | K5: 196.6 | L5: 3.85 | M5: 18 | N5: 22 | O5: 3/10/2011 | P5: 91.389779
A6: Audi | B6: A4 | C6: 20.397 | D6: 22.255 | E6: Passenger | F6: 23.99 | G6: 1.8 | H6: 150 | I6: 102.6 | J6: 68.2 | K6: 178 | L6: 2.998 | M6: 16.4 | N6: 27 | O6: 10/8/2011 | P6: 62.777639
A7: Audi | B7: A6 | C7: 18.78 | D7: 23.555 | E7: Passenger | F7: 33.95 | G7: 2.8 | H7: 200 | I7: 108.7 | J7: 76.1 | K7: 192 | L7: 3.561 | M7: 18.5 | N7: 22 | O7: 8/9/2011 | P7: 84.565105
A8: Audi | B8: A8 | C8: 1.38 | D8: 39 | E8: Passenger | F8: 62 | G8: 4.2 | H8: 310 | I8: 113 | J8: 74 | K8: 198.2 | L8: 3.902 | M8: 23.7 | N8: 21 | O8: 2/27/2012 | P8: 134.65686
A9: BMW | B9: 323i | C9: 19.747 | E9: Passenger | F9: 26.99 | G9: 2.5 | H9: 170 | I9: 107.3 | J9: 68.4 | K9: 176 | L9: 3.179 | M9: 16.6 | N9: 26 | O9: 6/28/2011 | P9: 71.191207
A10: BMW | B10: 328i | C10: 9.231 | D10: 28.675 | E10: Passenger | F10: 33.4 | G10: 2.8 | H10: 193 | I10: 107.3 | J10: 68.5 | K10: 176 | L10: 3.197 | M10: 16.6 | N10: 24 | O10: 1/29/2012 | P10: 81.877069
A11: BMW | B11: 528i | C11: 17.527 | D11: 36.125 | E11: Passenger | F11: 38.9 | G11: 2.8 | H11: 193 | I11: 111.4 | J11: 70.9 | K11: 188 | L11: 3.472 | M11: 18.5 | N11: 25 | O11: 4/4/2011 | P11: 83.998724
A12: Buick | B12: Century | C12: 91.561 | D12: 12.475 | E12: Passenger | F12: 21.975 | G12: 3.1 | H12: 175 | I12: 109 | J12: 72.7 | K12: 194.6 | L12: 3.368 | M12: 17.5 | N12: 25 | O12: 11/2/2011 | P12: 71.181451
A13: Buick | B13: Regal | C13: 39.35 | D13: 13.74 | E13: Passenger | F13: 25.3 | G13: 3.8 | H13: 240 | I13: 109 | J13: 72.7 | K13: 196.2 | L13: 3.543 | M13: 17.5 | N13: 23 | O13: 9/3/2011 | P13: 95.636703
A14: Buick | B14: Park Avenue | C14: 27.851 | D14: 20.19 | E14: Passenger | F14: 31.965 | G14: 3.8 | H14: 205 | I14: 113.8 | J14: 74.7 | K14: 206.8 | L14: 3.778 | M14: 18.5 | N14: 24 | O14: 3/23/2012 | P14: 85.828408
A15: Buick | B15: LeSabre | C15: 83.257 | D15: 13.36 | E15: Passenger | F15: 27.885 | G15: 3.8 | H15: 205 | I15: 112.2 | J15: 73.5 | K15: 200 | L15: 3.591 | M15: 17.5 | N15: 25 | O15: 7/23/2011 | P15: 84.254526
A16: Cadillac | B16: DeVille | C16: 63.729 | D16: 22.525 | E16: Passenger | F16: 39.895 | G16: 4.6 | H16: 275 | I16: 115.3 | J16: 74.5 | K16: 207.2 | L16: 3.978 | M16: 18.5 | N16: 22 | O16: 2/23/2012 | P16: 113.8546
A17: Cadillac | B17: Seville | C17: 15.943 | D17: 27.1 | E17: Passenger | F17: 44.475 | G17: 4.6 | H17: 275 | I17: 112.2 | J17: 75 | K17: 201 | M17: 18.5 | N17: 22 | O17: 4/29/2011 | P17: 115.62136
A18: Cadillac | B18: Eldorado | C18: 6.536 | D18: 25.725 | E18: Passenger | F18: 39.665 | G18: 4.6 | H18: 275 | I18: 108 | J18: 75.5 | K18: 200.6 | L18: 3.843 | M18: 19 | N18: 22 | O18: 11/27/2011 | P18: 113.76587
A19: Cadillac | B19: Catera | C19: 11.185 | D19: 18.225 | E19: Passenger | F19: 31.01 | G19: 3 | H19: 200 | I19: 107.4 | J19: 70.3 | K19: 194.8 | L19: 3.77 | M19: 18 | N19: 22 | O19: 9/28/2011 | P19: 83.483094
A20: Cadillac | B20: Escalade | C20: 14.785 | E20: Car | F20: 46.225 | G20: 5.7 | H20: 255 | I20: 117.5 | J20: 77 | K20: 201.2 | L20: 5.572 | M20: 30 | N20: 15 | O20: 4/17/2012 | P20: 109.50912
A21: Chevrolet | B21: Cavalier | C21: 145.519 | D21: 9.25 | E21: Passenger | F21: 13.26 | G21: 2.2 | H21: 115 | I21: 104.1 | J21: 67.9 | K21: 180.9 | L21: 2.676 | M21: 14.3 | N21: 27 | O21: 8/17/2011 | P21: 46.363347
A22: Chevrolet | B22: Malibu | C22: 135.126 | D22: 11.225 | E22: Passenger | F22: 16.535 | G22: 3.1 | H22: 170 | I22: 107 | J22: 69.4 | K22: 190.4 | L22: 3.051 | M22: 15 | N22: 25 | O22: 3/19/2012 | P22: 67.314462
A23: Chevrolet | B23: Lumina | C23: 24.629 | D23: 10.31 | E23: Passenger | F23: 18.89 | G23: 3.1 | H23: 175 | I23: 107.5 | J23: 72.5 | K23: 200.9 | L23: 3.33 | M23: 16.6 | N23: 25 | O23: 5/24/2011 | P23: 69.991396
A24: Chevrolet | B24: Monte Carlo | C24: 42.593 | D24: 11.525 | E24: Passenger | F24: 19.39 | G24: 3.4 | H24: 180 | I24: 110.5 | J24: 72.7 | K24: 197.9 | L24: 3.34 | M24: 17 | N24: 27 | O24: 12/22/2011 | P24: 72.030917
A25: Chevrolet | B25: Camaro | C25: 26.402 | D25: 13.025 | E25: Passenger | F25: 24.34 | G25: 3.8 | H25: 200 | I25: 101.1 | J25: 74.1 | K25: 193.2 | L25: 3.5 | M25: 16.8 | N25: 25 | O25: 10/23/2011 | P25: 81.118543
A26: Chevrolet | B26: Corvette | C26: 17.947 | D26: 36.225 | E26: Passenger | F26: 45.705 | G26: 5.7 | H26: 345 | I26: 104.5 | J26: 73.6 | K26: 179.7 | L26: 3.21 | M26: 19.1 | N26: 22 | O26: 5/12/2012 | P26: 141.14115
A27: Chevrolet | B27: Prizm | C27: 32.299 | D27: 9.125 | E27: Passenger | F27: 13.96 | G27: 1.8 | H27: 120 | I27: 97.1 | J27: 66.7 | K27: 174.3 | L27: 2.398 | M27: 13.2 | N27: 33 | O27: 9/11/2011 | P27: 48.297636
A28: Chevrolet | B28: Metro | C28: 21.855 | D28: 5.16 | E28: Passenger | F28: 9.235 | G28: 1 | H28: 55 | I28: 93.1 | J28: 62.6 | K28: 149.4 | L28: 1.895 | M28: 10.3 | N28: 45 | O28: 4/13/2012 | P28: 23.276272
A29: Chevrolet | B29: Impala | C29: 107.995 | E29: Passenger | F29: 18.89 | G29: 3.4 | H29: 180 | I29: 110.5 | J29: 73 | K29: 200 | L29: 3.389 | M29: 17 | N29: 27 | O29: 6/18/2011 | P29: 71.838039
A30: Chrysler | B30: Sebring Coupe | C30: 7.854 | D30: 12.36 | E30: Passenger | F30: 19.84 | G30: 2.5 | H30: 163 | I30: 103.7 | J30: 69.7 | K30: 190.9 | L30: 2.967 | M30: 15.9 | N30: 24 | O30: 1/16/2012 | P30: 65.957184
A31: Chrysler | B31: Sebring Conv. | C31: 32.775 | D31: 14.18 | E31: Passenger | F31: 24.495 | G31: 2.5 | H31: 168 | I31: 106 | J31: 69.2 | K31: 193 | L31: 3.332 | M31: 16 | N31: 24 | O31: 11/17/2011 | P31: 69.521355
A32: Chrysler | B32: Concorde | C32: 31.148 | D32: 13.725 | E32: Passenger | F32: 22.245 | G32: 2.7 | H32: 200 | I32: 113 | J32: 74.4 | K32: 209.1 | L32: 3.452 | M32: 17 | N32: 26 | O32: 6/6/2012 | P32: 80.023782
A33: Chrysler | B33: Cirrus | C33: 32.306 | D33: 12.64 | E33: Passenger | F33: 16.48 | G33: 2 | H33: 132 | I33: 108 | J33: 71 | K33: 186 | L33: 2.911 | M33: 16 | N33: 27 | O33: 10/6/2011 | P33: 53.5662
A34: Chrysler | B34: LHS | C34: 13.462 | D34: 17.325 | E34: Passenger | F34: 28.34 | G34: 3.5 | H34: 253 | I34: 113 | J34: 74.4 | K34: 207.7 | L34: 3.564 | M34: 17 | N34: 23 | O34: 5/8/2012 | P34: 101.32928
A35: Chrysler | B35: Town & Country | C35: 53.48 | D35: 19.54 | E35: Car | O35: 7/13/2011
A36: Chrysler | B36: 300M | C36: 30.696 | E36: Passenger | F36: 29.185 | G36: 3.5 | H36: 253 | I36: 113 | J36: 74.4 | K36: 197.8 | L36: 3.567 | M36: 17 | N36: 23 | O36: 2/10/2012 | P36: 101.65524
A37: Dodge | B37: Neon | C37: 76.034 | D37: 7.75 | E37: Passenger | F37: 12.64 | G37: 2 | H37: 132 | I37: 105 | J37: 74.4 | K37: 174.4 | L37: 2.567 | M37: 12.5 | N37: 29 | O37: 12/12/2011 | P37: 52.084899
A38: Dodge | B38: Avenger | C38: 4.734 | D38: 12.545 | E38: Passenger | F38: 19.045 | G38: 2.5 | H38: 163 | I38: 103.7 | J38: 69.1 | K38: 190.2 | L38: 2.879 | M38: 15.9 | N38: 24 | O38: 7/1/2012 | P38: 65.650508
A39: Dodge | B39: Stratus | C39: 71.186 | D39: 10.185 | E39: Passenger | F39: 20.23 | G39: 2.5 | H39: 168 | I39: 108 | J39: 71 | K39: 186 | L39: 3.058 | M39: 16 | N39: 24 | O39: 10/31/2011 | P39: 67.876108
A40: Dodge | B40: Intrepid | C40: 88.028 | D40: 12.275 | E40: Passenger | F40: 22.505 | G40: 2.7 | H40: 202 | I40: 113 | J40: 74.7 | K40: 203.7 | L40: 3.489 | M40: 17 | O40: 6/2/2012 | P40: 80.83147
A41: Dodge | B41: Viper | C41: 0.916 | D41: 58.47 | E41: Passenger | F41: 69.725 | G41: 8 | H41: 450 | I41: 96.2 | J41: 75.7 | K41: 176.7 | L41: 3.375 | M41: 19 | N41: 16 | O41: 8/7/2011 | P41: 188.14432
A42: Dodge | B42: Ram Pickup | C42: 227.061 | D42: 15.06 | E42: Car | F42: 19.46 | G42: 5.2 | H42: 230 | I42: 138.7 | J42: 79.3 | K42: 224.2 | L42: 4.47 | M42: 26 | N42: 17 | O42: 3/6/2012 | P42: 90.2117
A43: Dodge | B43: Ram Wagon | C43: 16.767 | D43: 15.51 | E43: Car | F43: 21.315 | G43: 3.9 | H43: 175 | I43: 109.6 | J43: 78.8 | K43: 192.6 | L43: 4.245 | M43: 32 | N43: 15 | O43: 1/6/2012 | P43: 71.135292
A44: Dodge | B44: Ram Van | C44: 31.038 | D44: 13.425 | E44: Car | F44: 18.575 | G44: 3.9 | H44: 175 | I44: 127.2 | J44: 78.8 | K44: 208.5 | L44: 4.298 | M44: 32 | N44: 16 | O44: 7/26/2012 | P44: 70.078322
A45: Dodge | B45: Dakota | C45: 111.313 | D45: 11.26 | E45: Car | F45: 16.98 | G45: 2.5 | H45: 120 | I45: 131 | J45: 71.5 | K45: 215 | L45: 3.557 | M45: 22 | N45: 19 | O45: 11/25/2011 | P45: 49.645002
A46: Dodge | B46: Durango | C46: 101.323 | E46: Car | F46: 26.31 | G46: 5.2 | H46: 230 | I46: 115.7 | J46: 71.7 | K46: 193.5 | L46: 4.394 | M46: 25 | N46: 17 | O46: 6/27/2012 | P46: 92.854125
A47: Dodge | B47: Caravan | C47: 181.749 | D47: 12.025 | E47: Car | F47: 19.565 | G47: 2.4 | H47: 150 | I47: 113.3 | J47: 76.8 | K47: 186.3 | L47: 3.533 | M47: 20 | N47: 24 | O47: 9/1/2011 | P47: 61.227
A48: Ford | B48: Escort | C48: 70.227 | D48: 7.425 | E48: Passenger | F48: 12.07 | G48: 2 | H48: 110 | I48: 98.4 | J48: 67 | K48: 174.7 | L48: 2.468 | M48: 12.7 | N48: 30 | O48: 3/31/2012 | P48: 44.083709
A49: Ford | B49: Mustang | C49: 113.369 | D49: 12.76 | E49: Passenger | F49: 21.56 | G49: 3.8 | H49: 190 | I49: 101.3 | J49: 73.1 | K49: 183.2 | L49: 3.203 | M49: 15.7 | N49: 24 | O49: 1/31/2012 | P49: 76.509185
A50: Ford | B50: Contour | C50: 35.068 | D50: 8.835 | E50: Passenger | F50: 17.035 | G50: 2.5 | H50: 170 | I50: 106.5 | J50: 69.1 | K50: 184.6 | L50: 2.769 | M50: 15 | N50: 25 | O50: 8/20/2012 | P50: 67.351011
A51: Ford | B51: Taurus | C51: 245.815 | D51: 10.055 | E51: Passenger | F51: 17.885 | G51: 3 | H51: 155 | I51: 108.5 | J51: 73 | K51: 197.6 | L51: 3.368 | M51: 16 | N51: 24 | O51: 12/20/2011 | P51: 62.50374
A52: Ford | B52: Focus | C52: 175.67 | E52: Passenger | F52: 12.315 | G52: 2 | H52: 107 | I52: 103 | J52: 66.9 | K52: 174.8 | L52: 2.564 | M52: 13.2 | N52: 30 | O52: 7/22/2012 | P52: 43.117132
A53: Ford | B53: Crown Victoria | C53: 63.403 | D53: 14.21 | E53: Passenger | F53: 22.195 | G53: 4.6 | H53: 200 | I53: 114.7 | J53: 78.2 | K53: 212 | L53: 3.908 | M53: 19 | N53: 21 | O53: 9/26/2011 | P53: 80.499537
A54: Ford | B54: Explorer | C54: 276.747 | D54: 16.64 | E54: Car | F54: 31.93 | G54: 4 | H54: 210 | I54: 111.6 | J54: 70.2 | K54: 190.7 | L54: 3.876 | M54: 21 | N54: 19 | O54: 4/25/2012 | P54: 87.635496
A55: Ford | B55: Windstar | C55: 155.787 | D55: 13.175 | E55: Car | F55: 21.41 | G55: 3 | H55: 150 | I55: 120.7 | J55: 76.6 | K55: 200.9 | L55: 3.761 | M55: 26 | N55: 21 | O55: 2/25/2012 | P55: 62.095048
A56: Ford | B56: Expedition | C56: 125.338 | D56: 23.575 | E56: Car | F56: 36.135 | G56: 4.6 | H56: 240 | I56: 119 | J56: 78.7 | K56: 204.6 | L56: 4.808 | M56: 26 | N56: 16 | O56: 9/14/2012 | P56: 100.0248
A57: Ford | B57: Ranger | C57: 220.65 | D57: 7.85 | E57: Car | F57: 12.05 | G57: 2.5 | H57: 119 | I57: 117.5 | J57: 69.4 | K57: 200.7 | L57: 3.086 | M57: 20 | N57: 23 | O57: 1/14/2012 | P57: 47.389531
A58: Ford | B58: F-Series | C58: 540.561 | D58: 15.075 | E58: Car | F58: 26.935 | G58: 4.6 | H58: 220 | I58: 138.5 | J58: 79.1 | K58: 224.5 | L58: 4.241 | M58: 25.1 | N58: 18 | O58: 8/16/2012 | P58: 89.401935
A59: Honda | B59: Civic | C59: 199.685 | D59: 9.85 | E59: Passenger | F59: 12.885 | G59: 1.6 | H59: 106 | I59: 103.2 | J59: 67.1 | K59: 175.1 | L59: 2.339 | M59: 11.9 | N59: 32 | O59: 10/21/2011 | P59: 42.879097
A60: Honda | B60: Accord | C60: 230.902 | D60: 13.21 | E60: Passenger | F60: 15.35 | G60: 2.3 | H60: 135 | I60: 106.9 | J60: 70.3 | K60: 188.8 | L60: 2.932 | M60: 17.1 | N60: 27 | O60: 5/20/2012 | P60: 54.269548
A61: Honda | B61: CR-V | C61: 73.203 | D61: 17.71 | E61: Car | F61: 20.55 | G61: 2 | H61: 146 | I61: 103.2 | J61: 68.9 | K61: 177.6 | L61: 3.219 | M61: 15.3 | N61: 24 | O61: 3/21/2012 | P61: 60.087967
A62: Honda | B62: Passport | C62: 12.855 | D62: 17.525 | E62: Car | F62: 26.6 | G62: 3.2 | H62: 205 | I62: 106.4 | J62: 70.4 | K62: 178.2 | L62: 3.857 | M62: 21.1 | N62: 19 | O62: 10/9/2012 | P62: 83.602501
A63: Honda | B63: Odyssey | C63: 76.029 | D63: 19.49 | E63: Car | F63: 26 | G63: 3.5 | H63: 210 | I63: 118.1 | J63: 75.6 | K63: 201.2 | L63: 4.288 | M63: 20 | N63: 23 | O63: 2/8/2012 | P63: 85.217691
A64: Hyundai | B64: Accent | C64: 41.184 | D64: 5.86 | E64: Passenger | F64: 9.699 | G64: 1.5 | H64: 92 | I64: 96.1 | J64: 65.7 | K64: 166.7 | L64: 2.24 | M64: 11.9 | N64: 31 | O64: 9/10/2012 | P64: 36.672284
... A67: Infiniti | B67: I30 | C67: 23.713 | D67: 19.69 | E67: Passenger | F67: 29.465 | G67: 3 | H67: 227 | I67: 108.3 | J67: 70.2 | K67: 193.7 | L67: 3.342 | M67: 18.5 | N67: 25 | O67: 4/15/2012 | P67: 92.436889
A68: Jaguar | B68: S-Type | C68: 15.467 | E68: Passenger | F68: 42.8 | G68: 3 | H68: 240 | I68: 114.5 | J68: 71.6 | K68: 191.3 | L68: 3.65 | M68: 18.4 | N68: 21 | O68: 11/3/2012 | P68: 102.17898
A69: Jeep | B69: Wrangler | C69: 55.557 | D69: 13.475 | E69: Car | F69: 14.46 | G69: 2.5 | H69: 120 | I69: 93.4 | J69: 66.7 | K69: 152 | L69: 3.045 | M69: 19 | N69: 17 | O69: 3/4/2012 | P69: 48.672898
A70: Jeep | B70: Cherokee | C70: 80.556 | D70: 13.775 | E70: Car | F70: 21.62 | G70: 4 | H70: 190 | I70: 101.4 | J70: 69.4 | K70: 167.5 | L70: 3.194 | M70: 20 | N70: 20 | O70: 10/5/2012 | P70: 76.58444
A71: Jeep | B71: Grand Cherokee | C71: 157.04 | D71: 18.81 | E71: Car | F71: 26.895 | G71: 4 | H71: 195 | I71: 105.9 | J71: 72.3 | K71: 181.5 | L71: 3.88 | M71: 20.5 | N71: 19 | O71: 12/10/2011 | P71: 80.387779
A72: Lexus | B72: ES300 | C72: 24.072 | D72: 26.975 | E72: Passenger | F72: 31.505 | G72: 3 | H72: 210 | I72: 105.1 | J72: 70.5 | K72: 190.2 | L72: 3.373 | M72: 18.5 | N72: 23 | O72: 7/9/2012 | P72: 87.211001
A73: Lexus | B73: GS300 | C73: 12.698 | D73: 32.075 | E73: Passenger | F73: 37.805 | G73: 3 | H73: 225 | I73: 110.2 | J73: 70.9 | K73: 189.2 | L73: 3.638 | M73: 19.8 | N73: 23 | O73: 5/10/2012 | P73: 94.946698
A74: Lexus | B74: GS400 | C74: 3.334 | E74: Passenger | F74: 46.305 | G74: 4 | H74: 300 | I74: 110.2 | J74: 70.9 | K74: 189.2 | L74: 3.693 | M74: 19.8 | N74: 21 | O74: 11/28/2012 | P74: 125.01336
A75: Lexus | B75: LS400 | C75: 6.375 | D75: 40.375 | E75: Passenger | F75: 54.005 | G75: 4 | H75: 290 | I75: 112.2 | J75: 72 | K75: 196.7 | L75: 3.89 | M75: 22.5 | N75: 22 | O75: 3/29/2012 | P75: 124.44672
A76: Lexus | B76: LX470 | C76: 9.126 | E76: Car | F76: 60.105 | G76: 4.7 | H76: 230 | I76: 112.2 | J76: 76.4 | K76: 192.5 | L76: 5.401 | M76: 25.4 | N76: 15 | O76: 10/30/2012 | P76: 105.76046
A77: Lexus | B77: RX300 | C77: 51.238 | E77: Car | F77: 34.605 | G77: 3 | H77: 220 | I77: 103 | J77: 71.5 | K77: 180.1 | L77: 3.9 | M77: 17.2 | N77: 21 | O77: 1/4/2012 | P77: 91.943802
A78: Lincoln | B78: Continental | C78: 13.798 | D78: 20.525 | E78: Passenger | F78: 39.08 | G78: 4.6 | H78: 275 | I78: 109 | J78: 73.6 | K78: 208.5 | L78: 3.868 | M78: 20 | N78: 22 | O78: 8/3/2012 | P78: 113.54021
A79: Lincoln | B79: Town car | C79: 48.911 | D79: 21.725 | E79: Passenger | F79: 43.33 | G79: 4.6 | H79: 215 | I79: 117.7 | J79: 78.2 | K79: 215.3 | L79: 4.121 | M79: 19 | N79: 21 | O79: 6/4/2012 | P79: 93.957917
A80: Lincoln | B80: Navigator | C80: 22.925 | E80: Car | F80: 42.66 | G80: 5.4 | H80: 300 | I80: 119 | J80: 79.9 | K80: 204.8 | L80: 5.393 | M80: 30 | N80: 15 | O80: 12/23/2012 | P80: 123.97205
A81: Mitsubishi | B81: Mirage | C81: 26.232 | D81: 8.325 | E81: Passenger | F81: 13.987 | G81: 1.8 | H81: 113 | I81: 98.4 | J81: 66.5 | K81: 173.6 | L81: 2.25 | M81: 13.2 | N81: 30 | O81: 4/23/2012 | P81: 45.832181
A82: Mitsubishi | B82: Eclipse | C82: 42.541 | D82: 10.395 | E82: Passenger | F82: 19.047 | G82: 2.4 | H82: 154 | I82: 100.8 | J82: 68.9 | K82: 175.4 | L82: 2.91 | M82: 15.9 | N82: 24 | O82: 11/24/2012 | P82: 62.441962
A83: Mitsubishi | B83: Galant | C83: 55.616 | D83: 10.595 | E83: Passenger | F83: 17.357 | G83: 2.4 | H83: 145 | I83: 103.7 | J83: 68.5 | K83: 187.8 | L83: 2.945 | M83: 16.3 | N83: 25 | O83: 1/29/2012 | P83: 58.606773
A84: Mitsubishi | B84: Diamante | C84: 5.711 | D84: 16.575 | E84: Passenger | F84: 24.997 | G84: 3.5 | H84: 210 | I84: 107.1 | J84: 70.3 | K84: 194.1 | L84: 3.443 | M84: 19 | N84: 22 | O84: 8/28/2012 | P84: 84.830779
A85: Mitsubishi | B85: 3000GT | C85: 0.11 | D85: 20.94 | E85: Passenger | F85: 25.45 | G85: 3 | H85: 161 | I85: 97.2 | J85: 72.4 | K85: 180.3 | L85: 3.131 | M85: 19.8 | N85: 21 | O85: 6/29/2012 | P85: 67.544155
A86: Mitsubishi | B86: Montero | C86: 11.337 | D86: 19.125 | E86: Car | F86: 31.807 | G86: 3.5 | H86: 200 | I86: 107.3 | J86: 69.9 | K86: 186.6 | L86: 4.52 | M86: 24.3 | N86: 18 | O86: 1/17/2012 | P86: 83.920815
A87: Mitsubishi | B87: Montero Sport | C87: 39.348 | D87: 13.88 | E87: Car | F87: 22.527 | G87: 3 | H87: 173 | I87: 107.3 | J87: 66.7 | K87: 178.3 | L87: 3.51 | M87: 19.5 | N87: 20 | O87: 5/18/2012 | P87: 70.660942
A88: Mercury | B88: Mystique | C88: 14.351 | D88: 8.8 | E88: Passenger | F88: 16.24 | G88: 2 | H88: 125 | I88: 106.5 | J88: 69.1 | K88: 184.8 | L88: 2.769 | M88: 15 | N88: 28 | O88: 12/19/2012 | P88: 50.997748
A89: Mercury | B89: Cougar | C89: 26.529 | D89: 13.89 | E89: Passenger | F89: 16.54 | G89: 2 | H89: 125 | I89: 106.4 | J89: 69.6 | K89: 185 | L89: 2.892 | M89: 16 | N89: 30 | O89: 2/23/2012 | P89: 51.113474
A90: Mercury | B90: Sable | C90: 67.956 | D90: 11.03 | E90: Passenger | F90: 19.035 | G90: 3 | H90: 153 | I90: 108.5 | J90: 73 | K90: 199.7 | L90: 3.379 | M90: 16 | N90: 24 | O90: 9/22/2012 | P90: 62.239967
A91: Mercury | B91: Grand Marquis | C91: 81.174 | D91: 14.875 | E91: Passenger | F91: 22.605 | G91: 4.6 | H91: 200 | I91: 114.7 | J91: 78.2 | K91: 212 | L91: 3.958 | M91: 19 | N91: 21 | O91: 7/24/2012 | P91: 80.657696
A92: Mercury | B92: Mountaineer | C92: 27.609 | D92: 20.43 | E92: Car | F92: 27.56 | G92: 4 | H92: 210 | I92: 111.6 | J92: 70.2 | K92: 190.1 | L92: 3.876 | M92: 21 | N92: 18 | O92: 2/13/2008 | P92: 85.949744
... A97: Mercedes-B | B97: SL-Class | C97: 3.311 | D97: 58.6 | E97: Passenger | F97: 82.6 | G97: 5 | H97: 302 | I97: 99 | J97: 71.3 | K97: 177.1 | L97: 4.125 | M97: 21.1 | N97: 20 | O97: 3/17/2011 | P97: 139.98229
A98: Mercedes-B | B98: SLK | C98: 7.998 | E98: Passenger | F98: 38.9 | G98: 2.3 | H98: 190 | I98: 94.5 | J98: 67.5 | K98: 157.9 | L98: 3.055 | M98: 15.9 | N98: 26 | O98: 1/16/2011 | P98: 82.807362
A99: Mercedes-B | B99: SLK230 | C99: 1.526 | E99: Passenger | F99: 41 | G99: 2.3 | H99: 185 | I99: 94.5 | J99: 67.5 | K99: 157.3 | L99: 2.975 | M99: 14 | N99: 27 | O99: 8/6/2011 | P99: 81.848969
A100: Mercedes-B | B100: CLK Coupe | C100: 11.592 | E100: Passenger | F100: 41.6 | G100: 3.2 | H100: 215 | I100: 105.9 | J100: 67.8 | K100: 180.3 | L100: 3.213 | M100: 16.4 | N100: 26 | O100: 7/8/2011 | P100: 92.925792
A101: Mercedes-B | B101: CL500 | C101: 0.954 | E101: Passenger | F101: 85.5 | G101: 5 | H101: 302 | I101: 113.6 | J101: 73.1 | K101: 196.6 | L101: 4.115 | M101: 23.2 | N101: 20 | O101: 4/11/2011 | P101: 141.10098
A102: Mercedes-B | B102: M-Class | C102: 28.976 | E102: Car | F102: 35.3 | G102: 3.2 | H102: 215 | I102: 111 | J102: 72.2 | K102: 180.6 | L102: 4.387 | M102: 19 | N102: 20 | O102: 2/10/2011 | P102: 90.495532
A103: Nissan | B103: Sentra | C103: 42.643 | D103: 8.45 | E103: Passenger | F103: 13.499 | G103: 1.8 | H103: 126 | I103: 99.8 | J103: 67.3 | K103: 177.5 | L103: 2.593 | M103: 13.2 | N103: 30 | O103: 8/31/2011 | P103: 50.241978
A104: Nissan | B104: Altima | C104: 88.094 | D104: 11.295 | E104: Passenger | F104: 20.39 | G104: 2.4 | H104: 155 | I104: 103.1 | J104: 69.1 | K104: 183.5 | L104: 3.012 | M104: 15.9 | N104: 25 | O104: 8/2/2011 | P104: 63.313728
A105: Nissan | B105: Maxima | C105: 79.853 | D105: 15.125 | E105: Passenger | F105: 26.249 | G105: 3 | H105: 222 | I105: 108.3 | J105: 70.3 | K105: 190.5 | L105: 3.294 | M105: 18.5 | N105: 25 | O105: 5/6/2011 | P105: 89.42782
A106: Nissan | B106: Quest | C106: 27.308 | D106: 15.38 | E106: Car | F106: 26.399 | G106: 3.3 | H106: 170 | I106: 112.2 | J106: 74.9 | K106: 194.8 | L106: 3.991 | M106: 20 | N106: 21 | O106: 3/7/2011 | P106: 71.171664
...

Sheet Cleaned_Data
A1: Manufacturer | B1: Model | C1: Sales_in_thousands | D1: __year_resale_value | E1: Vehicle_type | F1: Price_in_thousands | G1: Engine_size | H1: Horsepower | I1: Wheelbase | J1: Width | K1: Length | L1: Curb_weight | M1: Fuel_capacity | N1: Fuel_efficiency | O1: Latest_Launch | P1: Power_perf_factor
A2: Acura | B2: Integra | C2: 16.919 | D2: 16.36 | E2: Passenger | F2: 21.5 | G2: 1.8 | H2: 140 | I2: 101.2 | J2: 67.3 | K2: 172.4 | L2: 2.639 | M2: 13.2 | N2: 28 | O2: 40941 | P2: 58.28015
A3: Acura | B3: TL | C3: 39.384 | D3: 19.875 | E3: Passenger | F3: 28.4 | G3: 3.2 | H3: 225 | I3: 108.1 | J3: 70.3 | K3: 192.9 | L3: 3.517 | M3: 17.2 | N3: 25 | O3: 40697 | P3: 91.370778
A4: Acura | B4: CL | C4: 14.114 | D4: 18.225 | E4: Passenger | F4: 22.695 | G4: 3.2 | H4: 225 | I4: 106.9 | J4: 70.6 | K4: 192 | L4: 3.47 | M4: 17.2 | N4: 26 | O4: 40912 | P4: 71.191
A5: Acura | B5: RL | C5: 8.588 | D5: 29.725 | E5: Passenger | F5: 42 | G5: 3.5 | H5: 210 | I5: 114.6 | J5: 71.4 | K5: 196.6 | L5: 3.85 | M5: 18 | N5: 22 | O5: 40612 | P5: 91.389779
A6: Audi | B6: A4 | C6: 20.397 | D6: 22.255 | E6: Passenger | F6: 23.99 | G6: 1.8 | H6: 150 | I6: 102.6 | J6: 68.2 | K6: 178 | L6: 2.998 | M6: 16.4 | N6: 27 | O6: 40824 | P6: 62.777639
A7: Audi | B7: A6 | C7: 18.78 | D7: 23.555 | E7: Passenger | F7: 33.95 | G7: 2.8 | H7: 200 | I7: 108.7 | J7: 76.1 | K7: 192 | L7: 3.561 | M7: 18.5 | N7: 22 | O7: 40764 | P7: 84.565105
A8: Audi | B8: A8 | C8: 1.38 | D8: 39 | E8: Passenger | F8: 62 | G8: 4.2 | H8: 310 | I8: 113 | J8: 74 | K8: 198.2 | L8: 3.902 | M8: 23.7 | N8: 21 | O8: 40966 | P8: 134.65686
A9: BMW | B9: 323i | C9: 19.747 | E9: Passenger | F9: 26.99 | G9: 2.5 | H9: 170 | I9: 107.3 | J9: 68.4 | K9: 176 | L9: 3.179 | M9: 16.6 | N9: 26 | O9: 40722 | P9: 71.191207
A10: BMW | B10: 328i | C10: 9.231 | D10: 28.675 | E10: Passenger | F10: 33.4 | G10: 2.8 | H10: 193 | I10: 107.3 | J10: 68.5 | K10: 176 | L10: 3.197 | M10: 16.6 | N10: 24 | O10: 40937 | P10: 81.877069
A11: BMW | B11: 528i | C11: 17.527 | D11: 36.125 | E11: Passenger | F11: 38.9 | G11: 2.8 | H11: 193 | I11: 111.4 | J11: 70.9 | K11: 188 | L11: 3.472 | M11: 18.5 | N11: 25 | O11: 40637 | P11: 83.998724
A12: Buick | B12: Century | C12: 91.561 | D12: 12.475 | E12: Passenger | F12: 21.975 | G12: 3.1 | H12: 175 | I12: 109 | J12: 72.7 | K12: 194.6 | L12: 3.368 | M12: 17.5 | N12: 25 | O12: 40849 | P12: 71.181451
A13: Buick | B13: Regal | C13: 39.35 | D13: 13.74 | E13: Passenger | F13: 25.3 | G13: 3.8 | H13: 240 | I13: 109 | J13: 72.7 | K13: 196.2 | L13: 3.543 | M13: 17.5 | N13: 23 | O13: 40789 | P13: 95.636703
A14: Buick | B14: Park Avenue | C14: 27.851 | D14: 20.19 | E14: Passenger | F14: 31.965 | G14: 3.8 | H14: 205 | I14: 113.8 | J14: 74.7 | K14: 206.8 | L14: 3.778 | M14: 18.5 | N14: 24 | O14: 40991 | P14: 85.828408
A15: Buick | B15: LeSabre | C15: 83.257 | D15: 13.36 | E15: Passenger | F15: 27.885 | G15: 3.8 | H15: 205 | I15: 112.2 | J15: 73.5 | K15: 200 | L15: 3.591 | M15: 17.5 | N15: 25 | O15: 40747 | P15: 84.254526
A16: Cadillac | B16: DeVille | C16: 63.729 | D16: 22.525 | E16: Passenger | F16: 39.895 | G16: 4.6 | H16: 275 | I16: 115.3 | J16: 74.5 | K16: 207.2 | L16: 3.978 | M16: 18.5 | N16: 22 | O16: 40962 | P16: 113.8546
A17: Cadillac | B17: Seville | C17: 15.943 | D17: 27.1 | E17: Passenger | F17: 44.475 | G17: 4.6 | H17: 275 | I17: 112.2 | J17: 75 | K17: 201 | L17: 3.197 | M17: 18.5 | N17: 22 | O17: 40662 | P17: 115.62136
A18: Cadillac | B18: Eldorado | C18: 6.536 | D18: 25.725 | E18: Passenger | F18: 39.665 | G18: 4.6 | H18: 275 | I18: 108 | J18: 75.5 | K18: 200.6 | L18: 3.843 | M18: 19 | N18: 22 | O18: 40874 | P18: 113.76587
A19: Cadillac | B19: Catera | C19: 11.185 | D19: 18.225 | E19: Passenger | F19: 31.01 | G19: 3 | H19: 200 | I19: 107.4 | J19: 70.3 | K19: 194.8 | L19: 3.77 | M19: 18 | N19: 22 | O19: 40814 | P19: 83.483094
A20: Cadillac | B20: Escalade | C20: 14.785 | E20: Car | F20: 46.225 | G20: 5.7 | H20: 255 | I20: 117.5 | J20: 77 | K20: 201.2 | L20: 5.572 | M20: 30 | N20: 15 | O20: 41016 | P20: 109.50912
A21: Chevrolet | B21: Cavalier | C21: 145.519 | D21: 9.25 | E21: Passenger | F21: 13.26 | G21: 2.2 | H21: 115 | I21: 104.1 | J21: 67.9 | K21: 180.9 | L21: 2.676 | M21: 14.3 | N21: 27 | O21: 40772 | P21: 46.363347
A22: Chevrolet | B22: Malibu | C22: 135.126 | D22: 11.225 | E22: Passenger | F22: 16.535 | G22: 3.1 | H22: 170 | I22: 107 | J22: 69.4 | K22: 190.4 | L22: 3.051 | M22: 15 | N22: 25 | O22: 40987 | P22: 67.314462
A23: Chevrolet | B23: Lumina | C23: 24.629 | D23: 10.31 | E23: Passenger | F23: 18.89 | G23: 3.1 | H23: 175 | I23: 107.5 | J23: 72.5 | K23: 200.9 | L23: 3.33 | M23: 16.6 | N23: 25 | O23: 40687 | P23: 69.991396
A24: Chevrolet | B24: Monte Carlo | C24: 42.593 | D24: 11.525 | E24: Passenger | F24: 19.39 | G24: 3.4 | H24: 180 | I24: 110.5 | J24: 72.7 | K24: 197.9 | L24: 3.34 | M24: 17 | N24: 27 | O24: 40899 | P24: 72.030917
A25: Chevrolet | B25: Camaro | C25: 26.402 | D25: 13.025 | E25: Passenger | F25: 24.34 | G25: 3.8 | H25: 200 | I25: 101.1 | J25: 74.1 | K25: 193.2 | L25: 3.5 | M25: 16.8 | N25: 25 | O25: 40839 | P25: 81.118543
A26: Chevrolet | B26: Corvette | C26: 17.947 | D26: 36.225 | E26: Passenger | F26: 45.705 | G26: 5.7 | H26: 345 | I26: 104.5 | J26: 73.6 | K26: 179.7 | L26: 3.21 | M26: 19.1 | N26: 22 | O26: 41041 | P26: 141.14115
A27: Chevrolet | B27: Prizm | C27: 32.299 | D27: 9.125 | E27: Passenger | F27: 13.96 | G27: 1.8 | H27: 120 | I27: 97.1 | J27: 66.7 | K27: 174.3 | L27: 2.398 | M27: 13.2 | N27: 33 | O27: 40797 | P27: 48.297636
A28: Chevrolet | B28: Metro | C28: 21.855 | D28: 5.16 | E28: Passenger | F28: 9.235 | G28: 1 | H28: 55 | I28: 93.1 | J28: 62.6 | K28: 149.4 | L28: 1.895 | M28: 10.3 | N28: 45 | O28: 41012 | P28: 23.276272
A29: Chevrolet | B29: Impala | C29: 107.995 | E29: Passenger | F29: 18.89 | G29: 3.4 | H29: 180 | I29: 110.5 | J29: 73 | K29: 200 | L29: 3.389 | M29: 17 | N29: 27 | O29: 40712 | P29: 71.838039
A30: Chrysler | B30: Sebring Coupe | C30: 7.854 | D30: 12.36 | E30: Passenger | F30: 19.84 | G30: 2.5 | H30: 163 | I30: 103.7 | J30: 69.7 | K30: 190.9 | L30: 2.967 | M30: 15.9 | N30: 24 | O30: 40924 | P30: 65.957184
A31: Chrysler | B31: Sebring Conv. | C31: 32.775 | D31: 14.18 | E31: Passenger | F31: 24.495 | G31: 2.5 | H31: 168 | I31: 106 | J31: 69.2 | K31: 193 | L31: 3.332 | M31: 16 | N31: 24 | O31: 40864 | P31: 69.521355
A32: Chrysler | B32: Concorde | C32: 31.148 | D32: 13.725 | E32: Passenger | F32: 22.245 | G32: 2.7 | H32: 200 | I32: 113 | J32: 74.4 | K32: 209.1 | L32: 3.452 | M32: 17 | N32: 26 | O32: 41066 | P32: 80.023782
A33: Chrysler | B33: Cirrus | C33: 32.306 | D33: 12.64 | E33: Passenger | F33: 16.48 | G33: 2 | H33: 132 | I33: 108 | J33: 71 | K33: 186 | L33: 2.911 | M33: 16 | N33: 27 | O33: 40822 | P33: 53.5662
A34: Chrysler | B34: LHS | C34: 13.462 | D34: 17.325 | E34: Passenger | F34: 28.34 | G34: 3.5 | H34: 253 | I34: 113 | J34: 74.4 | K34: 207.7 | L34: 3.564 | M34: 17 | N34: 23 | O34: 41037 | P34: 101.32928
A35: Chrysler | B35: Town & Country | C35: 53.48 | D35: 19.54 | E35: Car | F35: 24.072 | G35: 3.3 | H35: 185 | I35: 112.2 | J35: 71.95 | K35: 191.6 | L35: 3.89 | M35: 20.7 | N35: 19 | O35: 40737 | P35: 76.153
A36: Chrysler | B36: 300M | C36: 30.696 | E36: Passenger | F36: 29.185 | G36: 3.5 | H36: 253 | I36: 113 | J36: 74.4 | K36: 197.8 | L36: 3.567 | M36: 17 | N36: 23 | O36: 40949 | P36: 101.65524
A37: Dodge | B37: Neon | C37: 76.034 | D37: 7.75 | E37: Passenger | F37: 12.64 | G37: 2 | H37: 132 | I37: 105 | J37: 74.4 | K37: 174.4 | L37: 2.567 | M37: 12.5 | N37: 29 | O37: 40889 | P37: 52.084899
A38: Dodge | B38: Avenger | C38: 4.734 | D38: 12.545 | E38: Passenger | F38: 19.045 | G38: 2.5 | H38: 163 | I38: 103.7 | J38: 69.1 | K38: 190.2 | L38: 2.879 | M38: 15.9 | N38: 24 | O38: 41091 | P38: 65.650508
A39: Dodge | B39: Stratus | C39: 71.186 | D39: 10.185 | E39: Passenger | F39: 20.23 | G39: 2.5 | H39: 168 | I39: 108 | J39: 71 | K39: 186 | L39: 3.058 | M39: 16 | N39: 24 | O39: 40847 | P39: 67.876108
A40: Dodge | B40: Intrepid | C40: 88.028 | D40: 12.275 | E40: Passenger | F40: 22.505 | G40: 2.7 | H40: 202 | I40: 113 | J40: 74.7 | K40: 203.7 | L40: 3.489 | M40: 17 | N40: 25 | O40: 41062 | P40: 80.83147
A41: Dodge | B41: Viper | C41: 0.916 | D41: 58.47 | E41: Passenger | F41: 69.725 | G41: 8 | H41: 450 | I41: 96.2 | J41: 75.7 | K41: 176.7 | L41: 3.375 | M41: 19 | N41: 16 | O41: 40762 | P41: 188.14432
A42: Dodge | B42: Ram Pickup | C42: 227.061 | D42: 15.06 | E42: Car | F42: 19.46 | G42: 5.2 | H42: 230 | I42: 138.7 | J42: 79.3 | K42: 224.2 | L42: 4.47 | M42: 26 | N42: 17 | O42: 40974 | P42: 90.2117
A43: Dodge | B43: Ram Wagon | C43: 16.767 | D43: 15.51 | E43: Car | F43: 21.315 | G43: 3.9 | H43: 175 | I43: 109.6 | J43: 78.8 | K43: 192.6 | L43: 4.245 | M43: 32 | N43: 15 | O43: 40914 | P43: 71.135292
A44: Dodge | B44: Ram Van | C44: 31.038 | D44: 13.425 | E44: Car | F44: 18.575 | G44: 3.9 | H44: 175 | I44: 127.2 | J44: 78.8 | K44: 208.5 | L44: 4.298 | M44: 32 | N44: 16 | O44: 41116 | P44: 70.078322
A45: Dodge | B45: Dakota | C45: 111.313 | D45: 11.26 | E45: Car | F45: 16.98 | G45: 2.5 | H45: 120 | I45: 131 | J45: 71.5 | K45: 215 | L45: 3.557 | M45: 22 | N45: 19 | O45: 40872 | P45: 49.645002
A46: Dodge | B46: Durango | C46: 101.323 | E46: Car | F46: 26.31 | G46: 5.2 | H46: 230 | I46: 115.7 | J46: 71.7 | K46: 193.5 | L46: 4.394 | M46: 25 | N46: 17 | O46: 41087 | P46: 92.854125
A47: Dodge | B47: Caravan | C47: 181.749 | D47: 12.025 | E47: Car | F47: 19.565 | G47: 2.4 | H47: 150 | I47: 113.3 | J47: 76.8 | K47: 186.3 | L47: 3.533 | M47: 20 | N47: 24 | O47: 40787 | P47: 61.227
A48: Ford | B48: Escort | C48: 70.227 | D48: 7.425 | E48: Passenger | F48: 12.07 | G48: 2 | H48: 110 | I48: 98.4 | J48: 67 | K48: 174.7 | L48: 2.468 | M48: 12.7 | N48: 30 | O48: 40999 | P48: 44.083709
A49: Ford | B49: Mustang | C49: 113.369 | D49: 12.76 | E49: Passenger | F49: 21.56 | G49: 3.8 | H49: 190 | I49: 101.3 | J49: 73.1 | K49: 183.2 | L49: 3.203 | M49: 15.7 | N49: 24 | O49: 40939 | P49: 76.509185
A50: Ford | B50: Contour | C50: 35.068 | D50: 8.835 | E50: Passenger | F50: 17.035 | G50: 2.5 | H50: 170 | I50: 106.5 | J50: 69.1 | K50: 184.6 | L50: 2.769 | M50: 15 | N50: 25 | O50: 41141 | P50: 67.351011
A51: Ford | B51: Taurus | C51: 245.815 | D51: 10.055 | E51: Passenger | F51: 17.885 | G51: 3 | H51: 155 | I51: 108.5 | J51: 73 | K51: 197.6 | L51: 3.368 | M51: 16 | N51: 24 | O51: 40897 | P51: 62.50374
A52: Ford | B52: Focus | C52: 175.67 | E52: Passenger | F52: 12.315 | G52: 2 | H52: 107 | I52: 103 | J52: 66.9 | K52: 174.8 | L52: 2.564 | M52: 13.2 | N52: 30 | O52: 41112 | P52: 43.117132
A53: Ford | B53: Crown Victoria | C53: 63.403 | D53: 14.21 | E53: Passenger | F53: 22.195 | G53: 4.6 | H53: 200 | I53: 114.7 | J53: 78.2 | K53: 212 | L53: 3.908 | M53: 19 | N53: 21 | O53: 40812 | P53: 80.499537
A54: Ford | B54: Explorer | C54: 276.747 | D54: 16.64 | E54: Car | F54: 31.93 | G54: 4 | H54: 210 | I54: 111.6 | J54: 70.2 | K54: 190.7 | L54: 3.876 | M54: 21 | N54: 19 | O54: 41024 | P54: 87.635496
A55: Ford | B55: Windstar | C55: 155.787 | D55: 13.175 | E55: Car | F55: 21.41 | G55: 3 | H55: 150 | I55: 120.7 | J55: 76.6 | K55: 200.9 | L55: 3.761 | M55: 26 | N55: 21 | O55: 40964 | P55: 62.095048
A56: Ford | B56: Expedition | C56: 125.338 | D56: 23.575 | E56: Car | F56: 36.135 | G56: 4.6 | H56: 240 | I56: 119 | J56: 78.7 | K56: 204.6 | L56: 4.808 | M56: 26 | N56: 16 | O56: 41166 | P56: 100.0248
A57: Ford | B57: Ranger | C57: 220.65 | D57: 7.85 | E57: Car | F57: 12.05 | G57: 2.5 | H57: 119 | I57: 117.5 | J57: 69.4 | K57: 200.7 | L57: 3.086 | M57: 20 | N57: 23 | O57: 40922 | P57: 47.389531
A58: Ford | B58: F-Series | C58: 540.561 | D58: 15.075 | E58: Car | F58: 26.935 | G58: 4.6 | H58: 220 | I58: 138.5 | J58: 79.1 | K58: 224.5 | L58: 4.241 | M58: 25.1 | N58: 18 | O58: 41137 | P58: 89.401935
A59: Honda | B59: Civic | C59: 199.685 | D59: 9.85 | E59: Passenger | F59: 12.885 | G59: 1.6 | H59: 106 | I59: 103.2 | J59: 67.1 | K59: 175.1 | L59: 2.339 | M59: 11.9 | N59: 32 | O59: 40837 | P59: 42.879097
A60: Honda | B60: Accord | C60: 230.902 | D60: 13.21 | E60: Passenger | F60: 15.35 | G60: 2.3 | H60: 135 | I60: 106.9 | J60: 70.3 | K60: 188.8 | L60: 2.932 | M60: 17.1 | N60: 27 | O60: 41049 | P60: 54.269548
A61: Honda | B61: CR-V | C61: 73.203 | D61: 17.71 | E61: Car | F61: 20.55 | G61: 2 | H61: 146 | I61: 103.2 | J61: 68.9 | K61: 177.6 | L61: 3.219 | M61: 15.3 | N61: 24 | O61: 40989 | P61: 60.087967
A62: Honda | B62: Passport | C62: 12.855 | D62: 17.525 | E62: Car | F62: 26.6 | G62: 3.2 | H62: 205 | I62: 106.4 | J62: 70.4 | K62: 178.2 | L62: 3.857 | M62: 21.1 | N62: 19 | O62: 41191 | P62: 83.602501
A63: Honda | B63: Odyssey | C63: 76.029 | D63: 19.49 | E63: Car | F63: 26 | G63: 3.5 | H63: 210 | I63: 118.1 | J63: 75.6 | K63: 201.2 | L63: 4.288 | M63: 20 | N63: 23 | O63: 40947 | P63: 85.217691
A64: Hyundai | B64: Accent | C64: 41.184 | D64: 5.86 | E64: Passenger | F64: 9.699 | G64: 1.5 | H64: 92 | I64: 96.1 | J64: 65.7 | K64: 166.7 | L64: 2.24 | M64: 11.9 | N64: 31 | O64: 41162 | P64: 36.672284
... A67: Infiniti | B67: I30 | C67: 23.713 | D67: 19.69 | E67: Passenger | F67: 29.465 | G67: 3 | H67: 227 | I67: 108.3 | J67: 70.2 | K67: 193.7 | L67: 3.342 | M67: 18.5 | N67: 25 | O67: 41014 | P67: 92.436889
A68: Jaguar | B68: S-Type | C68: 15.467 | E68: Passenger | F68: 42.8 | G68: 3 | H68: 240 | I68: 114.5 | J68: 71.6 | K68: 191.3 | L68: 3.65 | M68: 18.4 | N68: 21 | O68: 41216 | P68: 102.17898
A69: Jeep | B69: Wrangler | C69: 55.557 | D69: 13.475 | E69: Car | F69: 14.46 | G69: 2.5 | H69: 120 | I69: 93.4 | J69: 66.7 | K69: 152 | L69: 3.045 | M69: 19 | N69: 17 | O69: 40972 | P69: 48.672898
A70: Jeep | B70: Cherokee | C70: 80.556 | D70: 13.775 | E70: Car | F70: 21.62 | G70: 4 | H70: 190 | I70: 101.4 | J70: 69.4 | K70: 167.5 | L70: 3.194 | M70: 20 | N70: 20 | O70: 41187 | P70: 76.58444
A71: Jeep | B71: Grand Cherokee | C71: 157.04 | D71: 18.81 | E71: Car | F71: 26.895 | G71: 4 | H71: 195 | I71: 105.9 | J71: 72.3 | K71: 181.5 | L71: 3.88 | M71: 20.5 | N71: 19 | O71: 40887 | P71: 80.387779
A72: Lexus | B72: ES300 | C72: 24.072 | D72: 26.975 | E72: Passenger | F72: 31.505 | G72: 3 | H72: 210 | I72: 105.1 | J72: 70.5 | K72: 190.2 | L72: 3.373 | M72: 18.5 | N72: 23 | O72: 41099 | P72: 87.211001
A73: Lexus | B73: GS300 | C73: 12.698 | D73: 32.075 | E73: Passenger | F73: 37.805 | G73: 3 | H73: 225 | I73: 110.2 | J73: 70.9 | K73: 189.2 | L73: 3.638 | M73: 19.8 | N73: 23 | O73: 41039 | P73: 94.946698
A74: Lexus | B74: GS400 | C74: 3.334 | E74: Passenger | F74: 46.305 | G74: 4 | H74: 300 | I74: 110.2 | J74: 70.9 | K74: 189.2 | L74: 3.693 | M74: 19.8 | N74: 21 | O74: 41241 | P74: 125.01336
A75: Lexus | B75: LS400 | C75: 6.375 | D75: 40.375 | E75: Passenger | F75: 54.005 | G75: 4 | H75: 290 | I75: 112.2 | J75: 72 | K75: 196.7 | L75: 3.89 | M75: 22.5 | N75: 22 | O75: 40997 | P75: 124.44672
A76: Lexus | B76: LX470 | C76: 9.126 | E76: Car | F76: 60.105 | G76: 4.7 | H76: 230 | I76: 112.2 | J76: 76.4 | K76: 192.5 | L76: 5.401 | M76: 25.4 | N76: 15 | O76: 41212 | P76: 105.76046
A77: Lexus | B77: RX300 | C77: 51.238 | E77: Car | F77: 34.605 | G77: 3 | H77: 220 | I77: 103 | J77: 71.5 | K77: 180.1 | L77: 3.9 | M77: 17.2 | N77: 21 | O77: 40912 | P77: 91.943802
A78: Lincoln | B78: Continental | C78: 13.798 | D78: 20.525 | E78: Passenger | F78: 39.08 | G78: 4.6 | H78: 275 | I78: 109 | J78: 73.6 | K78: 208.5 | L78: 3.868 | M78: 20 | N78: 22 | O78: 41124 | P78: 113.54021
A79: Lincoln | B79: Town car | C79: 48.911 | D79: 21.725 | E79: Passenger | F79: 43.33 | G79: 4.6 | H79: 215 | I79: 117.7 | J79: 78.2 | K79: 215.3 | L79: 4.121 | M79: 19 | N79: 21 | O79: 41064 | P79: 93.957917
A80: Lincoln | B80: Navigator | C80: 22.925 | E80: Car | F80: 42.66 | G80: 5.4 | H80: 300 | I80: 119 | J80: 79.9 | K80: 204.8 | L80: 5.393 | M80: 30 | N80: 15 | O80: 41266 | P80: 123.97205
A81: Mitsubishi | B81: Mirage | C81: 26.232 | D81: 8.325 | E81: Passenger | F81: 13.987 | G81: 1.8 | H81: 113 | I81: 98.4 | J81: 66.5 | K81: 173.6 | L81: 2.25 | M81: 13.2 | N81: 30 | O81: 41022 | P81: 45.832181
A82: Mitsubishi | B82: Eclipse | C82: 42.541 | D82: 10.395 | E82: Passenger | F82: 19.047 | G82: 2.4 | H82: 154 | I82: 100.8 | J82: 68.9 | K82: 175.4 | L82: 2.91 | M82: 15.9 | N82: 24 | O82: 41237 | P82: 62.441962
A83: Mitsubishi | B83: Galant | C83: 55.616 | D83: 10.595 | E83: Passenger | F83: 17.357 | G83: 2.4 | H83: 145 | I83: 103.7 | J83: 68.5 | K83: 187.8 | L83: 2.945 | M83: 16.3 | N83: 25 | O83: 40937 | P83: 58.606773
A84: Mitsubishi | B84: Diamante | C84: 5.711 | D84: 16.575 | E84: Passenger | F84: 24.997 | G84: 3.5 | H84: 210 | I84: 107.1 | J84: 70.3 | K84: 194.1 | L84: 3.443 | M84: 19 | N84: 22 | O84: 41149 | P84: 84.830779
A85: Mitsubishi | B85: 3000GT | C85: 0.11 | D85: 20.94 | E85: Passenger | F85: 25.45 | G85: 3 | H85: 161 | I85: 97.2 | J85: 72.4 | K85: 180.3 | L85: 3.131 | M85: 19.8 | N85: 21 | O85: 41089 | P85: 67.544155
A86: Mitsubishi | B86: Montero | C86: 11.337 | D86: 19.125 | E86: Car | F86: 31.807 | G86: 3.5 | H86: 200 | I86: 107.3 | J86: 69.9 | K86: 186.6 | L86: 4.52 | M86: 24.3 | N86: 18 | O86: 40925 | P86: 83.920815
A87: Mitsubishi | B87: Montero Sport | C87: 39.348 | D87: 13.88 | E87: Car | F87: 22.527 | G87: 3 | H87: 173 | I87: 107.3 | J87: 66.7 | K87: 178.3 | L87: 3.51 | M87: 19.5 | N87: 20 | O87: 41047 | P87: 70.660942
A88: Mercury | B88: Mystique | C88: 14.351 | D88: 8.8 | E88: Passenger | F88: 16.24 | G88: 2 | H88: 125 | I88: 106.5 | J88: 69.1 | K88: 184.8 | L88: 2.769 | M88: 15 | N88: 28 | O88: 41262 | P88: 50.997748
A89: Mercury | B89: Cougar | C89: 26.529 | D89: 13.89 | E89: Passenger | F89: 16.54 | G89: 2 | H89: 125 | I89: 106.4 | J89: 69.6 | K89: 185 | L89: 2.892 | M89: 16 | N89: 30 | O89: 40962 | P89: 51.113474
A90: Mercury | B90: Sable | C90: 67.956 | D90: 11.03 | E90: Passenger | F90: 19.035 | G90: 3 | H90: 153 | I90: 108.5 | J90: 73 | K90: 199.7 | L90: 3.379 | M90: 16 | N90: 24 | O90: 41174 | P90: 62.239967
A91: Mercury | B91: Grand Marquis | C91: 81.174 | D91: 14.875 | E91: Passenger | F91: 22.605 | G91: 4.6 | H91: 200 | I91: 114.7 | J91: 78.2 | K91: 212 | L91: 3.958 | M91: 19 | N91: 21 | O91: 41114 | P91: 80.657696
A92: Mercury | B92: Mountaineer | C92: 27.609 | D92: 20.43 | E92: Car | F92: 27.56 | G92: 4 | H92: 210 | I92: 111.6 | J92: 70.2 | K92: 190.1 | L92: 3.876 | M92: 21 | N92: 18 | O92: 39491 | P92: 85.949744
... A97: Mercedes-B | B97: SL-Class | C97: 3.311 | D97: 58.6 | E97: Passenger | F97: 82.6 | G97: 5 | H97: 302 | I97: 99 | J97: 71.3 | K97: 177.1 | L97: 4.125 | M97: 21.1 | N97: 20 | O97: 40619 | P97: 139.98229
A98: Mercedes-B | B98: SLK | C98: 7.998 | E98: Passenger | F98: 38.9 | G98: 2.3 | H98: 190 | I98: 94.5 | J98: 67.5 | K98: 157.9 | L98: 3.055 | M98: 15.9 | N98: 26 | O98: 40559 | P98: 82.807362
A99: Mercedes-B | B99: SLK230 | C99: 1.526 | E99: Passenger | F99: 41 | G99: 2.3 | H99: 185 | I99: 94.5 | J99: 67.5 | K99: 157.3 | L99: 2.975 | M99: 14 | N99: 27 | O99: 40761 | P99: 81.848969
A100: Mercedes-B | B100: CLK Coupe | C100: 11.592 | E100: Passenger | F100: 41.6 | G100: 3.2 | H100: 215 | I100: 105.9 | J100: 67.8 | K100: 180.3 | L100: 3.213 | M100: 16.4 | N100: 26 | O100: 40732 | P100: 92.925792
A101: Mercedes-B | B101: CL500 | C101: 0.954 | E101: Passenger | F101: 85.5 | G101: 5 | H101: 302 | I101: 113.6 | J101: 73.1 | K101: 196.6 | L101: 4.115 | M101: 23.2 | N101: 20 | O101: 40644 | P101: 141.10098
A102: Mercedes-B | B102: M-Class | C102: 28.976 | E102: Car | F102: 35.3 | G102: 3.2 | H102: 215 | I102: 111 | J102: 72.2 | K102: 180.6 | L102: 4.387 | M102: 19 | N102: 20 | O102: 40584 | P102: 90.495532
A103: Nissan | B103: Sentra | C103: 42.643 | D103: 8.45 | E103: Passenger | F103: 13.499 | G103: 1.8 | H103: 126 | I103: 99.8 | J103: 67.3 | K103: 177.5 | L103: 2.593 | M103: 13.2 | N103: 30 | O103: 40786 | P103: 50.241978
A104: Nissan | B104: Altima | C104: 88.094 | D104: 11.295 | E104: Passenger | F104: 20.39 | G104: 2.4 | H104: 155 | I104: 103.1 | J104: 69.1 | K104: 183.5 | L104: 3.012 | M104: 15.9 | N104: 25 | O104: 40757 | P104: 63.313728
A105: Nissan | B105: Maxima | C105: 79.853 | D105: 15.125 | E105: Passenger | F105: 26.249 | G105: 3 | H105: 222 | I105: 108.3 | J105: 70.3 | K105: 190.5 | L105: 3.294 | M105: 18.5 | N105: 25 | O105: 40669 | P105: 89.42782
A106: Nissan | B106: Quest | C106: 27.308 | D106: 15.38 | E106: Car | F106: 26.399 | G106: 3.3 | H106: 170 | I106: 112.2 | J106: 74.9 | K106: 194.8 | L106: 3.991 | M106: 20 | N106: 21 | O106: 40609 | P106: 71.171664
...

Sheet Analysis
A1: 1. Total Sales by Manufacturer | D1: 2. Average Price by Vehicle Type | G1: 3. Top 10 Best-Selling Car Models | K1: 4. Average Horsepower by Vehicle Type | N1: 5. Total Sales by Vehicle Type | Q1: KPI Support Calculations
A2: Manufacturer | B2: Total Sales ($000s) | D2: Vehicle Type | E2: Avg Price ($000s) | G2: Manufacturer | H2: Model | I2: Sales ($000s) | K2: Vehicle Type | L2: Avg Horsepower | N2: Vehicle Type | O2: Total Sales ($000s) | Q2: KPI | R2: Value
A3: Ford | B3: =SUMIFS(Cleaned_Data!$C$2:$C$158,Cleaned_Data!$A$2:$A$158,A3) -> 2022.635 | D3: Car | E3: =AVERAGEIFS(Cleaned_Data!$F$2:$F$158,Cleaned_Data!$E$2:$E$158,D3) -> 26.265146 | G3: Ford | H3: F-Series | I3: =SUMIFS(Cleaned_Data!$C$2:$C$158,Cleaned_Data!$A$2:$A$158,G3,Cleaned_Data!$B$2:$B$158,H3) -> 540.561 | K3: Car | L3: =AVERAGEIFS(Cleaned_Data!$H$2:$H$158,Cleaned_Data!$E$2:$E$158,K3) -> 186.36585 | N3: Passenger | O3: =SUMIFS(Cleaned_Data!$C$2:$C$158,Cleaned_Data!$E$2:$E$158,N3) -> 5015.184 | Q3: Total Sales ($000s) | R3: =SUM(Cleaned_Data!$C$2:$C$158) -> 8320.698
A4: Dodge | B4: =SUMIFS(Cleaned_Data!$C$2:$C$158,Cleaned_Data!$A$2:$A$158,A4) -> 910.149 | D4: Passenger | E4: =AVERAGEIFS(Cleaned_Data!$F$2:$F$158,Cleaned_Data!$E$2:$E$158,D4) -> 27.719509 | G4: Ford | H4: Explorer | I4: =SUMIFS(Cleaned_Data!$C$2:$C$158,Cleaned_Data!$A$2:$A$158,G4,Cleaned_Data!$B$2:$B$158,H4) -> 276.747 | K4: Passenger | L4: =AVERAGEIFS(Cleaned_Data!$H$2:$H$158,Cleaned_Data!$E$2:$E$158,K4) -> 185.7931 | N4: Car | O4: =SUMIFS(Cleaned_Data!$C$2:$C$158,Cleaned_Data!$E$2:$E$158,N4) -> 3305.514 | Q4: Average Price ($000s) | R4: =AVERAGE(Cleaned_Data!$F$2:$F$158) -> 27.339707
A5: Toyota | B5: =SUMIFS(Cleaned_Data!$C$2:$C$158,Cleaned_Data!$A$2:$A$158,A5) -> 740.205 | G5: Toyota | H5: Camry | I5: =SUMIFS(Cleaned_Data!$C$2:$C$158,Cleaned_Data!$A$2:$A$158,G5,Cleaned_Data!$B$2:$B$158,H5) -> 247.994 | Q5: Average Horsepower | R5: =AVERAGE(Cleaned_Data!$H$2:$H$158) -> 185.94268
A6: Honda | B6: =SUMIFS(Cleaned_Data!$C$2:$C$158,Cleaned_Data!$A$2:$A$158,A6) -> 592.674 | G6: Ford | H6: Taurus | I6: =SUMIFS(Cleaned_Data!$C$2:$C$158,Cleaned_Data!$A$2:$A$158,G6,Cleaned_Data!$B$2:$B$158,H6) -> 245.815 | Q6: Total Number of Models | R6: =COUNTA(Cleaned_Data!$B$2:$B$158) -> 157
A7: Chevrolet | B7: =SUMIFS(Cleaned_Data!$C$2:$C$158,Cleaned_Data!$A$2:$A$158,A7) -> 554.365 | G7: Honda | H7: Accord | I7: =SUMIFS(Cleaned_Data!$C$2:$C$158,Cleaned_Data!$A$2:$A$158,G7,Cleaned_Data!$B$2:$B$158,H7) -> 230.902 | Q7: Total Number of Manufacturers | R7: =COUNTA(A3:A32) -> 30
A8: Nissan | B8: =SUMIFS(Cleaned_Data!$C$2:$C$158,Cleaned_Data!$A$2:$A$158,A8) -> 399.635 | G8: Dodge | H8: Ram Pickup | I8: =SUMIFS(Cleaned_Data!$C$2:$C$158,Cleaned_Data!$A$2:$A$158,G8,Cleaned_Data!$B$2:$B$158,H8) -> 227.061
A9: Pontiac | B9: =SUMIFS(Cleaned_Data!$C$2:$C$158,Cleaned_Data!$A$2:$A$158,A9) -> 370.534 | G9: Ford | H9: Ranger | I9: =SUMIFS(Cleaned_Data!$C$2:$C$158,Cleaned_Data!$A$2:$A$158,G9,Cleaned_Data!$B$2:$B$158,H9) -> 220.65
A10: Jeep | B10: =SUMIFS(Cleaned_Data!$C$2:$C$158,Cleaned_Data!$A$2:$A$158,A10) -> 293.153 | G10: Honda | H10: Civic | I10: =SUMIFS(Cleaned_Data!$C$2:$C$158,Cleaned_Data!$A$2:$A$158,G10,Cleaned_Data!$B$2:$B$158,H10) -> 199.685
A11: Buick | B11: =SUMIFS(Cleaned_Data!$C$2:$C$158,Cleaned_Data!$A$2:$A$158,A11) -> 242.019 | G11: Dodge | H11: Caravan | I11: =SUMIFS(Cleaned_Data!$C$2:$C$158,Cleaned_Data!$A$2:$A$158,G11,Cleaned_Data!$B$2:$B$158,H11) -> 181.749
A12: Mercury | B12: =SUMIFS(Cleaned_Data!$C$2:$C$158,Cleaned_Data!$A$2:$A$158,A12) -> 237.999 | G12: Ford | H12: Focus | I12: =SUMIFS(Cleaned_Data!$C$2:$C$158,Cleaned_Data!$A$2:$A$158,G12,Cleaned_Data!$B$2:$B$158,H12) -> 175.67
A13: Volkswagen | B13: =SUMIFS(Cleaned_Data!$C$2:$C$158,Cleaned_Data!$A$2:$A$158,A13) -> 209.212
A14: Chrysler | B14: =SUMIFS(Cleaned_Data!$C$2:$C$158,Cleaned_Data!$A$2:$A$158,A14) -> 201.721
A15: Mitsubishi | B15: =SUMIFS(Cleaned_Data!$C$2:$C$158,Cleaned_Data!$A$2:$A$158,A15) -> 180.895
A16: Oldsmobile | B16: =SUMIFS(Cleaned_Data!$C$2:$C$158,Cleaned_Data!$A$2:$A$158,A16) -> 178.989
A17: Saturn | B17: =SUMIFS(Cleaned_Data!$C$2:$C$158,Cleaned_Data!$A$2:$A$158,A17) -> 168.85
A18: Hyundai | B18: =SUMIFS(Cleaned_Data!$C$2:$C$158,Cleaned_Data!$A$2:$A$158,A18) -> 137.326
A19: Mercedes-B | B19: =SUMIFS(Cleaned_Data!$C$2:$C$158,Cleaned_Data!$A$2:$A$158,A19) -> 117.125
A20: Cadillac | B20: =SUMIFS(Cleaned_Data!$C$2:$C$158,Cleaned_Data!$A$2:$A$158,A20) -> 112.178
A21: Lexus | B21: =SUMIFS(Cleaned_Data!$C$2:$C$158,Cleaned_Data!$A$2:$A$158,A21) -> 106.843
A22: Lincoln | B22: =SUMIFS(Cleaned_Data!$C$2:$C$158,Cleaned_Data!$A$2:$A$158,A22) -> 85.634
A23: Subaru | B23: =SUMIFS(Cleaned_Data!$C$2:$C$158,Cleaned_Data!$A$2:$A$158,A23) -> 80.135
A24: Acura | B24: =SUMIFS(Cleaned_Data!$C$2:$C$158,Cleaned_Data!$A$2:$A$158,A24) -> 79.005
... A32: Porsche | B32: =SUMIFS(Cleaned_Data!$C$2:$C$158,Cleaned_Data!$A$2:$A$158,A32) -> 12.128
